{
  "project_info": {
    "project_number": "729602002263",
    "firebase_url": "https://quizapp-bb9f4.firebaseio.com",
    "project_id": "quizapp-bb9f4",
    "storage_bucket": "quizapp-bb9f4.appspot.com"
  },
  "client": [
    {
      "client_info": {
        "mobilesdk_app_id": "1:729602002263:android:9d0ee71c398365ce",
        "android_client_info": {
          "package_name": "com.example.quizapp"
        }
      },
      "oauth_client": [
        {
          "client_id": "729602002263-r4t987o14ejrjq45oqfrhbndkdsgcrbh.apps.googleusercontent.com",
          "client_type": 1,
          "android_info": {
            "package_name": "com.example.quizapp",
            "certificate_hash": "186d56281fe5dcf5aa4f9f600fa9b8e861433dc8"
          }
        },
        {
          "client_id": "729602002263-02slk0rke3m154vfj0flvb3sa8vjh2v1.apps.googleusercontent.com",
          "client_type": 3
        }
      ],
      "api_key": [
        {
          "current_key": "AIzaSyCFD7lNtcvvqCBmNLK0HcJgrgaStObyEO0"
        }
      ],
      "services": {
        "analytics_service": {
          "status": 1
        },
        "appinvite_service": {
          "status": 2,
          "other_platform_oauth_client": [
            {
              "client_id": "729602002263-02slk0rke3m154vfj0flvb3sa8vjh2v1.apps.googleusercontent.com",
              "client_type": 3
            }
          ]
        },
        "ads_service": {
          "status": 2
        }
      }
    }
  ],
  "configuration_version": "1"
}