{
  "project_info": {
    "project_id": "ptit-royal",
    "project_number": "245852810764",
    "name": "PTIT Royal"
  },
  "client": [
    {
      "client_info": {
        "mobilesdk_app_id": "1:245852810764:android:ff298453cf09ef5d",
        "client_id": "android:com.ptit.ptitroyal",
        "client_type": 1,
        "android_client_info": {
          "package_name": "com.ptit.ptitroyal",
          "certificate_hash": []
        }
      },
      "oauth_client": [],
      "api_key": [],
      "services": {
        "analytics_service": {
          "status": 1
        },
        "cloud_messaging_service": {
          "status": 2,
          "apns_config": []
        },
        "appinvite_service": {
          "status": 1,
          "other_platform_oauth_client": []
        },
        "google_signin_service": {
          "status": 1
        },
        "ads_service": {
          "status": 1
        }
      }
    }
  ],
  "client_info": [],
  "ARTIFACT_VERSION": "1"
}